Province/State,Country/Region,Lat,Long,3/06/2020
ABEJORRAL,ANTIOQUIA,0,0,0
ABRIAQUÍ,ANTIOQUIA,0,0,0
ALEJANDRÍA,ANTIOQUIA,0,0,0
AMAGÁ,ANTIOQUIA,0,0,0
ANDES,ANTIOQUIA,0,0,0
ANGELÓPOLIS,ANTIOQUIA,0,0,0
ANGOSTURA,ANTIOQUIA,0,0,0
ANORÍ,ANTIOQUIA,0,0,0
ANZÁ,ANTIOQUIA,0,0,0
ARGELIA,ANTIOQUIA,0,0,0
ARMENIA,ANTIOQUIA,0,0,0
BETANIA,ANTIOQUIA,0,0,0
BETULIA,ANTIOQUIA,0,0,0
CIUDAD BOLÍVAR,ANTIOQUIA,0,0,0
BRICEÑO,ANTIOQUIA,0,0,0
BURITICÁ,ANTIOQUIA,0,0,0
CÁCERES,ANTIOQUIA,0,0,0
CAICEDO,ANTIOQUIA,0,0,0
CAMPAMENTO,ANTIOQUIA,0,0,0
CARACOLÍ,ANTIOQUIA,0,0,0
CARAMANTA,ANTIOQUIA,0,0,0
EL CARMEN DE VIBORAL,ANTIOQUIA,0,0,0
CAROLINA,ANTIOQUIA,0,0,0
CHIGORODÓ,ANTIOQUIA,0,0,0
CISNEROS,ANTIOQUIA,0,0,0
COCORNÁ,ANTIOQUIA,0,0,0
CONCEPCIÓN,ANTIOQUIA,0,0,0
CONCORDIA,ANTIOQUIA,0,0,0
DON MATÍAS,ANTIOQUIA,0,0,0
EL BAGRE,ANTIOQUIA,0,0,0
ENTRERRIOS,ANTIOQUIA,0,0,0
FREDONIA,ANTIOQUIA,0,0,0
FRONTINO,ANTIOQUIA,0,0,0
GIRALDO,ANTIOQUIA,0,0,0
GRANADA,ANTIOQUIA,0,0,0
GUARNE,ANTIOQUIA,0,0,0
GUATAPÉ,ANTIOQUIA,0,0,0
HELICONIA,ANTIOQUIA,0,0,0
HISPANIA,ANTIOQUIA,0,0,0
ITUANGO,ANTIOQUIA,0,0,0
JERICÓ,ANTIOQUIA,0,0,0
LA PINTADA,ANTIOQUIA,0,0,0
LA UNIÓN,ANTIOQUIA,0,0,0
MACEO,ANTIOQUIA,0,0,0
MARINILLA,ANTIOQUIA,0,0,0
MONTEBELLO,ANTIOQUIA,0,0,0
NARIÑO,ANTIOQUIA,0,0,0
NECHÍ,ANTIOQUIA,0,0,0
OLAYA,ANTIOQUIA,0,0,0
PEÑOL,ANTIOQUIA,0,0,0
PEQUE,ANTIOQUIA,0,0,0
PUEBLORRICO,ANTIOQUIA,0,0,0
PUERTO BERRÍO,ANTIOQUIA,0,0,0
PUERTO NARE,ANTIOQUIA,0,0,0
PUERTO TRIUNFO,ANTIOQUIA,0,0,0
REMEDIOS,ANTIOQUIA,0,0,0
RETIRO,ANTIOQUIA,0,0,0
SABANALARGA,ANTIOQUIA,0,0,0
SALGAR,ANTIOQUIA,0,0,0
SAN ANDRÈS,ANTIOQUIA,0,0,0
SAN CARLOS,ANTIOQUIA,0,0,0
SAN FRANCISCO,ANTIOQUIA,0,0,0
SAN JOSÉ DE LA MONTAÑA,ANTIOQUIA,0,0,0
SAN JUAN DE URABÁ,ANTIOQUIA,0,0,0
SAN LUIS,ANTIOQUIA,0,0,0
SAN PEDRO,ANTIOQUIA,0,0,0
SAN PEDRO DE URABA,ANTIOQUIA,0,0,0
SAN RAFAEL,ANTIOQUIA,0,0,0
SAN ROQUE,ANTIOQUIA,0,0,0
SAN VICENTE,ANTIOQUIA,0,0,0
SANTA BÁRBARA,ANTIOQUIA,0,0,0
SANTUARIO,ANTIOQUIA,0,0,0
SEGOVIA,ANTIOQUIA,0,0,0
SONSÓN,ANTIOQUIA,0,0,0
SOPETRÁN,ANTIOQUIA,0,0,0
TÁMESIS,ANTIOQUIA,0,0,0
TARAZÁ,ANTIOQUIA,0,0,0
TARSO,ANTIOQUIA,0,0,0
TITIRIBÍ,ANTIOQUIA,0,0,0
URAMITA,ANTIOQUIA,0,0,0
VALDIVIA,ANTIOQUIA,0,0,0
VALPARAÍSO,ANTIOQUIA,0,0,0
VEGACHÍ,ANTIOQUIA,0,0,0
VENECIA,ANTIOQUIA,0,0,0
YALI,ANTIOQUIA,0,0,0
YARUMAL,ANTIOQUIA,0,0,0
YOLOMBÓ,ANTIOQUIA,0,0,0
ZARAGOZA,ANTIOQUIA,0,0,0
BARRANQUILLA,ATLÁNTICO,0,0,0
BARANOA,ATLÁNTICO,0,0,0
CAMPO DE LA CRUZ,ATLÁNTICO,0,0,0
CANDELARIA,ATLÁNTICO,0,0,0
GALAPA,ATLÁNTICO,0,0,0
JUAN DE ACOSTA,ATLÁNTICO,0,0,0
LURUACO,ATLÁNTICO,0,0,0
MALAMBO,ATLÁNTICO,0,0,0
MANATÍ,ATLÁNTICO,0,0,0
PALMAR DE VARELA,ATLÁNTICO,0,0,0
PIOJÓ,ATLÁNTICO,0,0,0
POLONUEVO,ATLÁNTICO,0,0,0
PONEDERA,ATLÁNTICO,0,0,0
PUERTO COLOMBIA,ATLÁNTICO,0,0,0
REPELÓN,ATLÁNTICO,0,0,0
SABANAGRANDE,ATLÁNTICO,0,0,0
SABANALARGA,ATLÁNTICO,0,0,0
SANTA LUCÍA,ATLÁNTICO,0,0,0
SANTO TOMÁS,ATLÁNTICO,0,0,0
SOLEDAD,ATLÁNTICO,0,0,0
SUAN,ATLÁNTICO,0,0,0
TUBARÁ,ATLÁNTICO,0,0,0
USIACURÍ,ATLÁNTICO,0,0,0
ACHÍ,BOLÍVAR,0,0,0
ALTOS DEL ROSARIO,BOLÍVAR,0,0,0
ARENAL,BOLÍVAR,0,0,0
ARJONA,BOLÍVAR,0,0,0
ARROYOHONDO,BOLÍVAR,0,0,0
BARRANCO DE LOBA,BOLÍVAR,0,0,0
CALAMAR,BOLÍVAR,0,0,0
CANTAGALLO,BOLÍVAR,0,0,0
CICUCO,BOLÍVAR,0,0,0
CÓRDOBA,BOLÍVAR,0,0,0
CLEMENCIA,BOLÍVAR,0,0,0
EL CARMEN DE BOLÍVAR,BOLÍVAR,0,0,0
EL GUAMO,BOLÍVAR,0,0,0
EL PEÑON,BOLÍVAR,0,0,0
HATILLO DE LOBA,BOLÍVAR,0,0,0
MAGANGUÉ,BOLÍVAR,0,0,0
MAHATES,BOLÍVAR,0,0,0
MARGARITA,BOLÍVAR,0,0,0
MARIA LA BAJA,BOLÍVAR,0,0,0
MONTECRISTO,BOLÍVAR,0,0,0
MOMPÓS,BOLÍVAR,0,0,0
MORALES,BOLÍVAR,0,0,0
NOROSI,BOLÍVAR,0,0,0
PINILLOS,BOLÍVAR,0,0,0
REGIDOR,BOLÍVAR,0,0,0
RIOVIEJO,BOLÍVAR,0,0,0
SAN CRISTÓBAL,BOLÍVAR,0,0,0
SAN ESTANISLAO,BOLÍVAR,0,0,0
SAN JACINTO,BOLÍVAR,0,0,0
SAN JACINTO DEL CAUCA,BOLÍVAR,0,0,0
SAN JUAN NEPOMUCENO,BOLÍVAR,0,0,0
SAN MARTÍN DE LOBA,BOLÍVAR,0,0,0
SAN PABLO,BOLÍVAR,0,0,0
SANTA CATALINA,BOLÍVAR,0,0,0
SANTA ROSA,BOLÍVAR,0,0,0
SANTA ROSA DEL SUR,BOLÍVAR,0,0,0
SIMITÍ,BOLÍVAR,0,0,0
SOPLAVIENTO,BOLÍVAR,0,0,0
TALAIGUA NUEVO,BOLÍVAR,0,0,0
TIQUISO,BOLÍVAR,0,0,0
TURBACO,BOLÍVAR,0,0,0
TURBANA,BOLÍVAR,0,0,0
VILLANUEVA,BOLÍVAR,0,0,0
ZAMBRANO,BOLÍVAR,0,0,0
ALMEIDA,BOYACÁ,0,0,0
AQUITANIA,BOYACÁ,0,0,0
ARCABUCO,BOYACÁ,0,0,0
BELÉN,BOYACÁ,0,0,0
BERBEO,BOYACÁ,0,0,0
BETÉITIVA,BOYACÁ,0,0,0
BOAVITA,BOYACÁ,0,0,0
BOYACÁ,BOYACÁ,0,0,0
BRICEÑO,BOYACÁ,0,0,0
BUENAVISTA,BOYACÁ,0,0,0
BUSBANZÁ,BOYACÁ,0,0,0
CALDAS,BOYACÁ,0,0,0
CAMPOHERMOSO,BOYACÁ,0,0,0
CERINZA,BOYACÁ,0,0,0
CHINAVITA,BOYACÁ,0,0,0
CHIQUINQUIRÁ,BOYACÁ,0,0,0
CHISCAS,BOYACÁ,0,0,0
CHITA,BOYACÁ,0,0,0
CHITARAQUE,BOYACÁ,0,0,0
CHIVATÁ,BOYACÁ,0,0,0
CIÉNEGA,BOYACÁ,0,0,0
COMBITA,BOYACÁ,0,0,0
COPER,BOYACÁ,0,0,0
CORRALES,BOYACÁ,0,0,0
COVARACHIA,BOYACÁ,0,0,0
CUBARÁ,BOYACÁ,0,0,0
CUCAITA,BOYACÁ,0,0,0
CUÌTIVA,BOYACÁ,0,0,0
CHÍQUIZA,BOYACÁ,0,0,0
CHIVOR,BOYACÁ,0,0,0
DUITAMA,BOYACÁ,0,0,0
EL COCUY,BOYACÁ,0,0,0
EL ESPINO,BOYACÁ,0,0,0
FIRAVITOBA,BOYACÁ,0,0,0
FLORESTA,BOYACÁ,0,0,0
GACHANTIVÁ,BOYACÁ,0,0,0
GAMEZA,BOYACÁ,0,0,0
GARAGOA,BOYACÁ,0,0,0
GUACAMAYAS,BOYACÁ,0,0,0
GUATEQUE,BOYACÁ,0,0,0
GUAYATÁ,BOYACÁ,0,0,0
GÜICÁN,BOYACÁ,0,0,0
IZA,BOYACÁ,0,0,0
JENESANO,BOYACÁ,0,0,0
JERICÓ,BOYACÁ,0,0,0
LABRANZA GRANDE,BOYACÁ,0,0,0
LA CAPILLA,BOYACÁ,0,0,0
LA VICTORIA,BOYACÁ,0,0,0
LA UVITA,BOYACÁ,0,0,0
VILLA DE LEYVA,BOYACÁ,0,0,0
MACANAL,BOYACÁ,0,0,0
MARIPÍ,BOYACÁ,0,0,0
MIRAFLORES,BOYACÁ,0,0,0
MONGUA,BOYACÁ,0,0,0
MONGUÌ,BOYACÁ,0,0,0
MONIQUIRA,BOYACÁ,0,0,0
MOTAVITA,BOYACÁ,0,0,0
MUZO,BOYACÁ,0,0,0
NUEVO COLÓN,BOYACÁ,0,0,0
OICATA,BOYACÁ,0,0,0
OTANCHE,BOYACÁ,0,0,0
PACHAVITA,BOYACÁ,0,0,0
PÁEZ,BOYACÁ,0,0,0
PAIPA,BOYACÁ,0,0,0
PAJARITO,BOYACÁ,0,0,0
PANQUEBA,BOYACÁ,0,0,0
PAUNA,BOYACÁ,0,0,0
PAYA,BOYACÁ,0,0,0
PAZ DE RÍO,BOYACÁ,0,0,0
PESCA,BOYACÁ,0,0,0
PISBA,BOYACÁ,0,0,0
PUERTO BOYACÁ,BOYACÁ,0,0,0
QUÍPAMA,BOYACÁ,0,0,0
RAMIRIQUÍ,BOYACÁ,0,0,0
RÁQUIRA,BOYACÁ,0,0,0
RONDÓN,BOYACÁ,0,0,0
SABOYÁ,BOYACÁ,0,0,0
SÁCHICA,BOYACÁ,0,0,0
SAMACÁ,BOYACÁ,0,0,0
SAN EDUARDO,BOYACÁ,0,0,0
SAN JOSÉ DE PARE,BOYACÁ,0,0,0
SAN LUIS DE GACENO,BOYACÁ,0,0,0
SAN MATEO,BOYACÁ,0,0,0
SAN MIGUEL DE SEMA,BOYACÁ,0,0,0
SAN PABLO DE BORBUR,BOYACÁ,0,0,0
SANTANA,BOYACÁ,0,0,0
SANTA MARÍA,BOYACÁ,0,0,0
SANTA ROSA DE VITERBO,BOYACÁ,0,0,0
SANTA SOFÍA,BOYACÁ,0,0,0
SATIVANORTE,BOYACÁ,0,0,0
SATIVASUR,BOYACÁ,0,0,0
SIACHOQUE,BOYACÁ,0,0,0
SOATÁ,BOYACÁ,0,0,0
SOCOTÁ,BOYACÁ,0,0,0
SOCHA,BOYACÁ,0,0,0
SOGAMOSO,BOYACÁ,0,0,0
SOMONDOCO,BOYACÁ,0,0,0
SORA,BOYACÁ,0,0,0
SOTAQUIRÁ,BOYACÁ,0,0,0
SORACÁ,BOYACÁ,0,0,0
SUSACÓN,BOYACÁ,0,0,0
SUTAMARCHÀN,BOYACÁ,0,0,0
SUTATENZA,BOYACÁ,0,0,0
TASCO,BOYACÁ,0,0,0
TENZA,BOYACÁ,0,0,0
TIBANA,BOYACÁ,0,0,0
TINJACÁ,BOYACÁ,0,0,0
TIPACOQUE,BOYACÁ,0,0,0
TOCA,BOYACÁ,0,0,0
TOGÜÍ,BOYACÁ,0,0,0
TÓPAGA,BOYACÁ,0,0,0
TOTA,BOYACÁ,0,0,0
TUNUNGUÁ,BOYACÁ,0,0,0
TURMEQUÉ,BOYACÁ,0,0,0
TUTA,BOYACÁ,0,0,0
TUTAZÁ,BOYACÁ,0,0,0
UMBITA,BOYACÁ,0,0,0
VENTAQUEMADA,BOYACÁ,0,0,0
VIRACACHÁ,BOYACÁ,0,0,0
ZETAQUIRÁ,BOYACÁ,0,0,0
MANIZALES,CALDAS,0,0,0
AGUADAS,CALDAS,0,0,0
ANSERMA,CALDAS,0,0,0
ARANZAZU,CALDAS,0,0,0
BELALCÁZAR,CALDAS,0,0,0
CHINCHINÁ,CALDAS,0,0,0
FILADELFIA,CALDAS,0,0,0
LA DORADA,CALDAS,0,0,0
LA MERCED,CALDAS,0,0,0
MANZANARES,CALDAS,0,0,0
MARMATO,CALDAS,0,0,0
MARQUETALIA,CALDAS,0,0,0
MARULANDA,CALDAS,0,0,0
NEIRA,CALDAS,0,0,0
NORCASIA,CALDAS,0,0,0
PÁCORA,CALDAS,0,0,0
PALESTINA,CALDAS,0,0,0
PENSILVANIA,CALDAS,0,0,0
RISARALDA,CALDAS,0,0,0
SALAMINA,CALDAS,0,0,0
SAMANÁ,CALDAS,0,0,0
SAN JOSÉ,CALDAS,0,0,0
SUPIA,CALDAS,0,0,0
VICTORIA,CALDAS,0,0,0
VILLAMARIA,CALDAS,0,0,0
VITERBO,CALDAS,0,0,0
FLORENCIA,CAQUETÁ,0,0,0
ALBANIA,CAQUETÁ,0,0,0
BELÉN DE LOS ANDAQUÍES,CAQUETÁ,0,0,0
EL DONCELLO,CAQUETÁ,0,0,0
EL PAUJIL,CAQUETÁ,0,0,0
LA MONTAÑITA,CAQUETÁ,0,0,0
MILÁN,CAQUETÁ,0,0,0
MORELIA,CAQUETÁ,0,0,0
PUERTO RICO,CAQUETÁ,0,0,0
SAN JOSÉ DEL FRAGUA,CAQUETÁ,0,0,0
VALPARAÍSO,CAQUETÁ,0,0,0
POPAYÁN,CAUCA,0,0,0
ALMAGUER,CAUCA,0,0,0
ARGELIA,CAUCA,0,0,0
BALBOA,CAUCA,0,0,0
BOLÍVAR,CAUCA,0,0,0
BUENOS AIRES,CAUCA,0,0,0
CAJIBÍO,CAUCA,0,0,0
CALDONO,CAUCA,0,0,0
CALOTO,CAUCA,0,0,0
CORINTO,CAUCA,0,0,0
EL TAMBO,CAUCA,0,0,0
FLORENCIA,CAUCA,0,0,0
GUACHENÉ,CAUCA,0,0,0
INZA,CAUCA,0,0,0
JAMBALÓ,CAUCA,0,0,0
LA SIERRA,CAUCA,0,0,0
LA VEGA,CAUCA,0,0,0
MERCADERES,CAUCA,0,0,0
MIRANDA,CAUCA,0,0,0
MORALES,CAUCA,0,0,0
PADILLA,CAUCA,0,0,0
PÁEZ,CAUCA,0,0,0
PATÍA,CAUCA,0,0,0
PIAMONTE,CAUCA,0,0,0
PIENDAMÓ,CAUCA,0,0,0
PUERTO TEJADA,CAUCA,0,0,0
PURACÉ (COCONUCO),CAUCA,0,0,0
ROSAS,CAUCA,0,0,0
SAN SEBASTIÁN,CAUCA,0,0,0
SANTANDER DE QUILICHAO,CAUCA,0,0,0
SANTA ROSA,CAUCA,0,0,0
SILVIA,CAUCA,0,0,0
SOTARÁ (Paispamba),CAUCA,0,0,0
SUÁREZ,CAUCA,0,0,0
SUCRE,CAUCA,0,0,0
TIMBÍO,CAUCA,0,0,0
TORIBÍO,CAUCA,0,0,0
TOTORÓ,CAUCA,0,0,0
VILLA RICA,CAUCA,0,0,0
AGUACHICA,CESAR,0,0,0
AGUSTÍN CODAZZI,CESAR,0,0,0
ASTREA,CESAR,0,0,0
BOSCONIA,CESAR,0,0,0
CHIMICHAGUA,CESAR,0,0,0
CHIRIGUANÁ,CESAR,0,0,0
CURUMANÍ,CESAR,0,0,0
EL COPEY,CESAR,0,0,0
EL PASO,CESAR,0,0,0
GAMARRA,CESAR,0,0,0
GONZALEZ,CESAR,0,0,0
LA GLORIA,CESAR,0,0,0
PAILITAS,CESAR,0,0,0
PELAYA,CESAR,0,0,0
RÍO DE ORO,CESAR,0,0,0
LA PAZ,CESAR,0,0,0
SAN ALBERTO,CESAR,0,0,0
SAN DIEGO,CESAR,0,0,0
SAN MARTÍN,CESAR,0,0,0
TAMALAMEQUE,CESAR,0,0,0
MONTERÍA,CÓRDOBA,0,0,0
AYAPEL,CÓRDOBA,0,0,0
BUENAVISTA,CÓRDOBA,0,0,0
CANALETE,CÓRDOBA,0,0,0
CERETÉ,CÓRDOBA,0,0,0
CHIMÁ,CÓRDOBA,0,0,0
CHINÚ,CÓRDOBA,0,0,0
CIENAGA DE ORO,CÓRDOBA,0,0,0
COTORRA,CÓRDOBA,0,0,0
LA APARTADA,CÓRDOBA,0,0,0
LORICA,CÓRDOBA,0,0,0
LOS CÓRDOBAS,CÓRDOBA,0,0,0
MOMIL,CÓRDOBA,0,0,0
MONTELÍBANO,CÓRDOBA,0,0,0
MOÑITOS,CÓRDOBA,0,0,0
PLANETA RICA,CÓRDOBA,0,0,0
PUEBLO NUEVO,CÓRDOBA,0,0,0
PUERTO ESCONDIDO,CÓRDOBA,0,0,0
PURÍSIMA,CÓRDOBA,0,0,0
SAHAGÚN,CÓRDOBA,0,0,0
SAN ANDRES DE SOTAVENTO,CÓRDOBA,0,0,0
SAN ANTERO,CÓRDOBA,0,0,0
SAN BERNARDO DEL VIENTO,CÓRDOBA,0,0,0
SAN CARLOS,CÓRDOBA,0,0,0
SAN JOSÉ DE URÉ,CÓRDOBA,0,0,0
SAN PELAYO,CÓRDOBA,0,0,0
TUCHIN,CÓRDOBA,0,0,0
VALENCIA,CÓRDOBA,0,0,0
AGUA DE DIOS,CUNDINAMARCA,0,0,0
ALBÁN,CUNDINAMARCA,0,0,0
ANAPOIMA,CUNDINAMARCA,0,0,0
ANOLAIMA,CUNDINAMARCA,0,0,0
ARBELÁEZ,CUNDINAMARCA,0,0,0
BELTRÁN,CUNDINAMARCA,0,0,0
BITUIMA,CUNDINAMARCA,0,0,0
BOJACÁ,CUNDINAMARCA,0,0,0
CABRERA,CUNDINAMARCA,0,0,0
CACHIPAY,CUNDINAMARCA,0,0,0
CAJICÁ,CUNDINAMARCA,0,0,0
CAPARRAPI,CUNDINAMARCA,0,0,0
CÁQUEZA,CUNDINAMARCA,0,0,0
CARMEN DE CARUPA,CUNDINAMARCA,0,0,0
CHAGUANÍ,CUNDINAMARCA,0,0,0
CHÍA,CUNDINAMARCA,0,0,0
CHIPAQUE,CUNDINAMARCA,0,0,0
CHOACHÍ,CUNDINAMARCA,0,0,0
CHOCONTÁ,CUNDINAMARCA,0,0,0
COGUA,CUNDINAMARCA,0,0,0
COTA,CUNDINAMARCA,0,0,0
CUCUNUBÁ,CUNDINAMARCA,0,0,0
EL COLEGIO,CUNDINAMARCA,0,0,0
EL PEÑON,CUNDINAMARCA,0,0,0
EL ROSAL,CUNDINAMARCA,0,0,0
FACATATIVÁ,CUNDINAMARCA,0,0,0
FÓMEQUE,CUNDINAMARCA,0,0,0
FOSCA,CUNDINAMARCA,0,0,0
FUNZA,CUNDINAMARCA,0,0,0
FUQUENE,CUNDINAMARCA,0,0,0
FUSAGASUGÁ,CUNDINAMARCA,0,0,0
GACHALÁ,CUNDINAMARCA,0,0,0
GACHANCIPÁ,CUNDINAMARCA,0,0,0
GACHETÁ,CUNDINAMARCA,0,0,0
GAMA,CUNDINAMARCA,0,0,0
GIRARDOT,CUNDINAMARCA,0,0,0
GRANADA,CUNDINAMARCA,0,0,0
GUACHETÁ,CUNDINAMARCA,0,0,0
GUADUAS,CUNDINAMARCA,0,0,0
GUASCA,CUNDINAMARCA,0,0,0
GUATAQUÍ,CUNDINAMARCA,0,0,0
GUATAVITA,CUNDINAMARCA,0,0,0
GUAYABAL DE SÍQUIMA,CUNDINAMARCA,0,0,0
GUAYABETAL,CUNDINAMARCA,0,0,0
GUTIERREZ,CUNDINAMARCA,0,0,0
JERUSALÉN,CUNDINAMARCA,0,0,0
JUNÍN,CUNDINAMARCA,0,0,0
LA CALERA,CUNDINAMARCA,0,0,0
LA MESA,CUNDINAMARCA,0,0,0
LA PALMA,CUNDINAMARCA,0,0,0
LA PEÑA,CUNDINAMARCA,0,0,0
LA VEGA,CUNDINAMARCA,0,0,0
LENGUAZAQUE,CUNDINAMARCA,0,0,0
MACHETÁ,CUNDINAMARCA,0,0,0
MADRID,CUNDINAMARCA,0,0,0
MANTA,CUNDINAMARCA,0,0,0
MEDINA,CUNDINAMARCA,0,0,0
MOSQUERA,CUNDINAMARCA,0,0,0
NARIÑO,CUNDINAMARCA,0,0,0
NEMOCÓN,CUNDINAMARCA,0,0,0
NILO,CUNDINAMARCA,0,0,0
NIMAIMA,CUNDINAMARCA,0,0,0
NOCAIMA,CUNDINAMARCA,0,0,0
VENECIA,CUNDINAMARCA,0,0,0
PACHO,CUNDINAMARCA,0,0,0
PAIME,CUNDINAMARCA,0,0,0
PANDI,CUNDINAMARCA,0,0,0
PARATEBUENO,CUNDINAMARCA,0,0,0
PASCA,CUNDINAMARCA,0,0,0
PUERTO SALGAR,CUNDINAMARCA,0,0,0
PULÍ,CUNDINAMARCA,0,0,0
QUEBRADANEGRA,CUNDINAMARCA,0,0,0
QUETAME,CUNDINAMARCA,0,0,0
QUIPILE,CUNDINAMARCA,0,0,0
APULO,CUNDINAMARCA,0,0,0
RICAURTE,CUNDINAMARCA,0,0,0
SAN ANTONIO DEL TEQUENDAMA,CUNDINAMARCA,0,0,0
SAN BERNARDO,CUNDINAMARCA,0,0,0
SAN CAYETANO,CUNDINAMARCA,0,0,0
SAN FRANCISCO,CUNDINAMARCA,0,0,0
SAN JUAN DE RIO SECO,CUNDINAMARCA,0,0,0
SASAIMA,CUNDINAMARCA,0,0,0
SESQUILÉ,CUNDINAMARCA,0,0,0
SIBATÉ,CUNDINAMARCA,0,0,0
SILVANIA,CUNDINAMARCA,0,0,0
SIMIJACA,CUNDINAMARCA,0,0,0
SOACHA,CUNDINAMARCA,0,0,0
SOPO,CUNDINAMARCA,0,0,0
SUBACHOQUE,CUNDINAMARCA,0,0,0
SUESCA,CUNDINAMARCA,0,0,0
SUPATÁ,CUNDINAMARCA,0,0,0
SUSA,CUNDINAMARCA,0,0,0
SUTATAUSA,CUNDINAMARCA,0,0,0
TABIO,CUNDINAMARCA,0,0,0
TAUSA,CUNDINAMARCA,0,0,0
TENA,CUNDINAMARCA,0,0,0
TENJO,CUNDINAMARCA,0,0,0
TIBACUY,CUNDINAMARCA,0,0,0
TIBIRITA,CUNDINAMARCA,0,0,0
TOCAIMA,CUNDINAMARCA,0,0,0
TOCANCIPÁ,CUNDINAMARCA,0,0,0
TOPAIPÍ,CUNDINAMARCA,0,0,0
UBALÁ,CUNDINAMARCA,0,0,0
UBAQUE,CUNDINAMARCA,0,0,0
UBATE,CUNDINAMARCA,0,0,0
UNE,CUNDINAMARCA,0,0,0
ÚTICA,CUNDINAMARCA,0,0,0
VERGARA,CUNDINAMARCA,0,0,0
VIANÍ,CUNDINAMARCA,0,0,0
VILLA GÓMEZ,CUNDINAMARCA,0,0,0
VILLAPINZÓN,CUNDINAMARCA,0,0,0
VILLETA,CUNDINAMARCA,0,0,0
VIOTÁ,CUNDINAMARCA,0,0,0
YACOPÍ,CUNDINAMARCA,0,0,0
ZIPACÓN,CUNDINAMARCA,0,0,0
ZIPAQUIRA,CUNDINAMARCA,0,0,0
NEIVA,HUILA,0,0,0
ACEVEDO,HUILA,0,0,0
AGRADO,HUILA,0,0,0
AIPE,HUILA,0,0,0
ALGECIRAS,HUILA,0,0,0
ALTAMIRA,HUILA,0,0,0
BARAYA,HUILA,0,0,0
CAMPOALEGRE,HUILA,0,0,0
COLOMBIA,HUILA,0,0,0
ELÍAS,HUILA,0,0,0
GARZÓN,HUILA,0,0,0
GIGANTE,HUILA,0,0,0
GUADALUPE,HUILA,0,0,0
ÍQUIRA,HUILA,0,0,0
ISNOS,HUILA,0,0,0
LA ARGENTINA,HUILA,0,0,0
LA PLATA,HUILA,0,0,0
NÁTAGA,HUILA,0,0,0
OPORAPA,HUILA,0,0,0
PAICOL,HUILA,0,0,0
PALERMO,HUILA,0,0,0
PALESTINA,HUILA,0,0,0
PITAL,HUILA,0,0,0
PITALITO,HUILA,0,0,0
RIVERA,HUILA,0,0,0
SALADOBLANCO,HUILA,0,0,0
SAN AGUSTÍN,HUILA,0,0,0
SANTA MARÍA,HUILA,0,0,0
SUAZA,HUILA,0,0,0
TARQUI,HUILA,0,0,0
TESALIA,HUILA,0,0,0
TELLO,HUILA,0,0,0
TERUEL,HUILA,0,0,0
TIMANÁ,HUILA,0,0,0
VILLAVIEJA,HUILA,0,0,0
YAGUARÁ,HUILA,0,0,0
ALBANIA,LA GUAJIRA,0,0,0
BARRANCAS,LA GUAJIRA,0,0,0
DIBULLA,LA GUAJIRA,0,0,0
DISTRACCIÓN,LA GUAJIRA,0,0,0
EL MOLINO,LA GUAJIRA,0,0,0
FONSECA,LA GUAJIRA,0,0,0
HATONUEVO,LA GUAJIRA,0,0,0
LA JAGUA DEL PILAR,LA GUAJIRA,0,0,0
MAICAO,LA GUAJIRA,0,0,0
MANAURE,LA GUAJIRA,0,0,0
SAN JUAN DEL CESAR,LA GUAJIRA,0,0,0
URUMITA,LA GUAJIRA,0,0,0
VILLANUEVA,LA GUAJIRA,0,0,0
ALGARROBO,MAGDALENA,0,0,0
ARIGUANÍ,MAGDALENA,0,0,0
CERRO DE SAN ANTONIO,MAGDALENA,0,0,0
CHIVOLO,MAGDALENA,0,0,0
CIÉNAGA,MAGDALENA,0,0,0
CONCORDIA,MAGDALENA,0,0,0
EL BANCO,MAGDALENA,0,0,0
EL PIÑÓN,MAGDALENA,0,0,0
EL RETÉN,MAGDALENA,0,0,0
FUNDACIÓN,MAGDALENA,0,0,0
GUAMAL,MAGDALENA,0,0,0
NUEVA GRANADA,MAGDALENA,0,0,0
PEDRAZA,MAGDALENA,0,0,0
PIJIÑO DEL CARMEN,MAGDALENA,0,0,0
PIVIJAY,MAGDALENA,0,0,0
PLATO,MAGDALENA,0,0,0
PUEBLO VIEJO,MAGDALENA,0,0,0
REMOLINO,MAGDALENA,0,0,0
SABANAS DE SAN ANGEL,MAGDALENA,0,0,0
SALAMINA,MAGDALENA,0,0,0
SAN SEBASTIAN DE BUENAVISTA,MAGDALENA,0,0,0
SAN ZENÓN,MAGDALENA,0,0,0
SANTA ANA,MAGDALENA,0,0,0
SANTA BÁRBARA DE PINTO,MAGDALENA,0,0,0
SITIONUEVO,MAGDALENA,0,0,0
TENERIFE,MAGDALENA,0,0,0
ZAPAYÁN,MAGDALENA,0,0,0
ZONA BANANERA,MAGDALENA,0,0,0
ANGOSTURA,META,0,0,0
BARRANCA DE UPIA,META,0,0,0
CABUYARO,META,0,0,0
CASTILLA LA NUEVA,META,0,0,0
CUBARRAL,META,0,0,0
CUMARAL,META,0,0,0
EL CALVARIO,META,0,0,0
EL CASTILLO,META,0,0,0
EL DORADO,META,0,0,0
FUENTE DE ORO,META,0,0,0
GRANADA,META,0,0,0
GUAMAL,META,0,0,0
MESETAS,META,0,0,0
URIBE,META,0,0,0
LEJANÍAS,META,0,0,0
PUERTO LÓPEZ,META,0,0,0
RESTREPO,META,0,0,0
SAN CARLOS DE GUAROA,META,0,0,0
SAN JUAN DE ARAMA,META,0,0,0
SAN JUANITO,META,0,0,0
SAN MARTÍN,META,0,0,0
ANCUYA,NARIÑO,0,0,0
ARBOLEDA,NARIÑO,0,0,0
BELEN,NARIÑO,0,0,0
BUESACO,NARIÑO,0,0,0
COLON,NARIÑO,0,0,0
CONSACÁ,NARIÑO,0,0,0
CONTADERO,NARIÑO,0,0,0
CÓRDOBA,NARIÑO,0,0,0
CUASPUD,NARIÑO,0,0,0
CUMBAL,NARIÑO,0,0,0
CUMBITARA,NARIÑO,0,0,0
CHACHAGÜÍ,NARIÑO,0,0,0
EL PEÑOL,NARIÑO,0,0,0
EL ROSARIO,NARIÑO,0,0,0
EL TABLÓN DE GÓMEZ,NARIÑO,0,0,0
FUNES,NARIÑO,0,0,0
GUAITARILLA,NARIÑO,0,0,0
GUALMATÁN,NARIÑO,0,0,0
ILES,NARIÑO,0,0,0
IMUES,NARIÑO,0,0,0
LA CRUZ,NARIÑO,0,0,0
LA LLANADA,NARIÑO,0,0,0
LA UNIÓN,NARIÑO,0,0,0
LINARES,NARIÑO,0,0,0
LOS ANDES,NARIÑO,0,0,0
NARIÑO,NARIÑO,0,0,0
PROVIDENCIA,NARIÑO,0,0,0
PUERRES,NARIÑO,0,0,0
PUPIALES,NARIÑO,0,0,0
RICAURTE,NARIÑO,0,0,0
SAN BERNARDO,NARIÑO,0,0,0
SAN LORENZO,NARIÑO,0,0,0
SAN PEDRO DE CARTAGO,NARIÑO,0,0,0
SANTA CRUZ (Guachavés),NARIÑO,0,0,0
SAPUYES,NARIÑO,0,0,0
TAMINANGO,NARIÑO,0,0,0
TANGUA,NARIÑO,0,0,0
TUQUERRES,NARIÑO,0,0,0
YACUANQUER,NARIÑO,0,0,0
ABREGO,NORTE DE SANTANDER,0,0,0
ARBOLEDAS,NORTE DE SANTANDER,0,0,0
CÁCOTA,NORTE DE SANTANDER,0,0,0
CHINÁCOTA,NORTE DE SANTANDER,0,0,0
CHITAGÀ,NORTE DE SANTANDER,0,0,0
CONVENCIÓN,NORTE DE SANTANDER,0,0,0
CUCUTILLA,NORTE DE SANTANDER,0,0,0
EL CARMEN,NORTE DE SANTANDER,0,0,0
EL TARRA,NORTE DE SANTANDER,0,0,0
HERRÁN,NORTE DE SANTANDER,0,0,0
LA ESPERANZA,NORTE DE SANTANDER,0,0,0
LA PLAYA,NORTE DE SANTANDER,0,0,0
LOURDES,NORTE DE SANTANDER,0,0,0
MUTISCUA,NORTE DE SANTANDER,0,0,0
PAMPLONITA,NORTE DE SANTANDER,0,0,0
PUERTO SANTANDER,NORTE DE SANTANDER,0,0,0
RAGONVALIA,NORTE DE SANTANDER,0,0,0
SALAZAR,NORTE DE SANTANDER,0,0,0
SAN CALIXTO,NORTE DE SANTANDER,0,0,0
SAN CAYETANO,NORTE DE SANTANDER,0,0,0
SANTIAGO,NORTE DE SANTANDER,0,0,0
SILOS,NORTE DE SANTANDER,0,0,0
TEORAMA,NORTE DE SANTANDER,0,0,0
TIBÚ,NORTE DE SANTANDER,0,0,0
VILLA CARO,NORTE DE SANTANDER,0,0,0
ARMENIA,QUINDÍO,0,0,0
BUENAVISTA,QUINDÍO,0,0,0
CALARCA,QUINDÍO,0,0,0
CIRCASIA,QUINDÍO,0,0,0
CÓRDOBA,QUINDÍO,0,0,0
FILANDIA,QUINDÍO,0,0,0
GÉNOVA,QUINDÍO,0,0,0
LA TEBAIDA,QUINDÍO,0,0,0
MONTENEGRO,QUINDÍO,0,0,0
PIJAO,QUINDÍO,0,0,0
QUIMBAYA,QUINDÍO,0,0,0
SALENTO,QUINDÍO,0,0,0
PEREIRA,RISARALDA,0,0,0
APÍA,RISARALDA,0,0,0
BELÉN DE UMBRÍA,RISARALDA,0,0,0
GUÁTICA,RISARALDA,0,0,0
LA CELIA,RISARALDA,0,0,0
LA VIRGINIA,RISARALDA,0,0,0
MARSELLA,RISARALDA,0,0,0
PUEBLO RICO,RISARALDA,0,0,0
QUINCHIA,RISARALDA,0,0,0
SANTA ROSA DE CABAL,RISARALDA,0,0,0
SANTUARIO,RISARALDA,0,0,0
AGUADA,SANTANDER,0,0,0
ALBANIA,SANTANDER,0,0,0
ARATOCA,SANTANDER,0,0,0
BARBOSA,SANTANDER,0,0,0
BARICHARA,SANTANDER,0,0,0
BARRANCABERMEJA,SANTANDER,0,0,0
BETULIA,SANTANDER,0,0,0
BOLIVAR,SANTANDER,0,0,0
CABRERA,SANTANDER,0,0,0
CALIFORNIA,SANTANDER,0,0,0
CAPITANEJO,SANTANDER,0,0,0
CARCASÍ,SANTANDER,0,0,0
CEPITÁ,SANTANDER,0,0,0
CERRITO,SANTANDER,0,0,0
CHARALA,SANTANDER,0,0,0
CHARTA,SANTANDER,0,0,0
CHIMA,SANTANDER,0,0,0
CHIPATÁ,SANTANDER,0,0,0
CIMITARRA,SANTANDER,0,0,0
CONCEPCIÓN,SANTANDER,0,0,0
CONFINES,SANTANDER,0,0,0
CONTRATACIÓN,SANTANDER,0,0,0
COROMORO,SANTANDER,0,0,0
CURITÍ,SANTANDER,0,0,0
EL CARMEN DE CHUCURI,SANTANDER,0,0,0
EL GUACAMAYO,SANTANDER,0,0,0
EL PEÑÓN,SANTANDER,0,0,0
EL PLAYÓN,SANTANDER,0,0,0
ENCINO,SANTANDER,0,0,0
ENCISO,SANTANDER,0,0,0
FLORIÁN,SANTANDER,0,0,0
FLORIDABLANCA,SANTANDER,0,0,0
GALÁN,SANTANDER,0,0,0
GÁMBITA,SANTANDER,0,0,0
GUACA,SANTANDER,0,0,0
GUADALUPE,SANTANDER,0,0,0
GUAPOTÁ,SANTANDER,0,0,0
GUAVATÁ,SANTANDER,0,0,0
GÜEPSA,SANTANDER,0,0,0
HATO,SANTANDER,0,0,0
JESÚS MARÍA,SANTANDER,0,0,0
JORDÁN SUBE,SANTANDER,0,0,0
LA BELLEZA,SANTANDER,0,0,0
LANDÁZURI,SANTANDER,0,0,0
LA PAZ,SANTANDER,0,0,0
LEBRÍJA,SANTANDER,0,0,0
LOS SANTOS,SANTANDER,0,0,0
MACARAVITA,SANTANDER,0,0,0
MÁLAGA,SANTANDER,0,0,0
MATANZA,SANTANDER,0,0,0
MOGOTES,SANTANDER,0,0,0
MOLAGAVITA,SANTANDER,0,0,0
OCAMONTE,SANTANDER,0,0,0
OIBA,SANTANDER,0,0,0
ONZAGA,SANTANDER,0,0,0
PALMAR,SANTANDER,0,0,0
PALMAS DEL SOCORRO,SANTANDER,0,0,0
PÁRAMO,SANTANDER,0,0,0
PIEDECUESTA,SANTANDER,0,0,0
PINCHOTE,SANTANDER,0,0,0
PUENTE NACIONAL,SANTANDER,0,0,0
PUERTO PARRA,SANTANDER,0,0,0
PUERTO WILCHES,SANTANDER,0,0,0
RIONEGRO,SANTANDER,0,0,0
SABANA DE TORRES,SANTANDER,0,0,0
SAN ANDRES,SANTANDER,0,0,0
SAN BENITO,SANTANDER,0,0,0
SAN GIL,SANTANDER,0,0,0
SAN JOAQUÍN,SANTANDER,0,0,0
SAN JOSÉ DE MIRANDA,SANTANDER,0,0,0
SAN MIGUEL,SANTANDER,0,0,0
SAN VICENTE DE CHUCURI,SANTANDER,0,0,0
SANTA BARBARA,SANTANDER,0,0,0
SANTA HELENA DEL OPÓN,SANTANDER,0,0,0
SIMACOTA,SANTANDER,0,0,0
SOCORRO,SANTANDER,0,0,0
SUAITA,SANTANDER,0,0,0
SUCRE,SANTANDER,0,0,0
SURATÁ,SANTANDER,0,0,0
TONA,SANTANDER,0,0,0
VALLE DE SAN JOSE,SANTANDER,0,0,0
VÉLEZ,SANTANDER,0,0,0
VETAS,SANTANDER,0,0,0
VILLANUEVA,SANTANDER,0,0,0
ZAPATOCA,SANTANDER,0,0,0
BUENAVISTA,SUCRE,0,0,0
CAIMITO,SUCRE,0,0,0
RICAURTE (COLOSO),SUCRE,0,0,0
COROZAL,SUCRE,0,0,0
COVEÑAS,SUCRE,0,0,0
CHALÁN,SUCRE,0,0,0
EL ROBLE,SUCRE,0,0,0
GALERAS,SUCRE,0,0,0
GUARANDA,SUCRE,0,0,0
LA UNIÓN,SUCRE,0,0,0
LOS PALMITOS,SUCRE,0,0,0
MAJAGUAL,SUCRE,0,0,0
MORROA,SUCRE,0,0,0
OVEJAS,SUCRE,0,0,0
PALMITO,SUCRE,0,0,0
SAMPUÉS,SUCRE,0,0,0
SAN BENITO ABAD,SUCRE,0,0,0
SAN JUAN DE BETULIA,SUCRE,0,0,0
SAN MARCOS,SUCRE,0,0,0
SAN ONOFRE,SUCRE,0,0,0
SAN PEDRO,SUCRE,0,0,0
SAN LUIS DE SINCÉ,SUCRE,0,0,0
SUCRE,SUCRE,0,0,0
SANTIAGO DE TOLÚ,SUCRE,0,0,0
TOLÚ VIEJO,SUCRE,0,0,0
ALPUJARRA,TOLIMA,0,0,0
ALVARADO,TOLIMA,0,0,0
AMBALEMA,TOLIMA,0,0,0
ANZOÁTEGUI,TOLIMA,0,0,0
ARMERO,TOLIMA,0,0,0
ATACO,TOLIMA,0,0,0
CAJAMARCA,TOLIMA,0,0,0
CARMEN DE APICALA,TOLIMA,0,0,0
CASABIANCA,TOLIMA,0,0,0
CHAPARRAL,TOLIMA,0,0,0
COELLO,TOLIMA,0,0,0
COYAIMA,TOLIMA,0,0,0
CUNDAY,TOLIMA,0,0,0
DOLORES,TOLIMA,0,0,0
ESPINAL,TOLIMA,0,0,0
FALAN,TOLIMA,0,0,0
FLANDES,TOLIMA,0,0,0
FRESNO,TOLIMA,0,0,0
GUAMO,TOLIMA,0,0,0
HERVEO,TOLIMA,0,0,0
HONDA,TOLIMA,0,0,0
ICONONZO,TOLIMA,0,0,0
LÉRIDA,TOLIMA,0,0,0
LIBANO,TOLIMA,0,0,0
SAN SEBASTIÁN DE MARIQUITA,TOLIMA,0,0,0
MELGAR,TOLIMA,0,0,0
MURILLO,TOLIMA,0,0,0
NATAGAIMA,TOLIMA,0,0,0
ORTEGA,TOLIMA,0,0,0
PALOCABILDO,TOLIMA,0,0,0
PIEDRAS,TOLIMA,0,0,0
PLANADAS,TOLIMA,0,0,0
PRADO,TOLIMA,0,0,0
PURIFICACIÓN,TOLIMA,0,0,0
RIOBLANCO,TOLIMA,0,0,0
RONCESVALLES,TOLIMA,0,0,0
ROVIRA,TOLIMA,0,0,0
SALDAÑA,TOLIMA,0,0,0
SAN ANTONIO,TOLIMA,0,0,0
SAN LUIS,TOLIMA,0,0,0
SANTA ISABEL,TOLIMA,0,0,0
SUARÉZ,TOLIMA,0,0,0
VALLE DE SAN JUAN,TOLIMA,0,0,0
VENADILLO,TOLIMA,0,0,0
VILLAHERMOSA,TOLIMA,0,0,0
VILLARRICA,TOLIMA,0,0,0
ALCALÁ,VALLE DEL CAUCA,0,0,0
ANDALUCÍA,VALLE DEL CAUCA,0,0,0
ANSERMANUEVO,VALLE DEL CAUCA,0,0,0
ARGELIA,VALLE DEL CAUCA,0,0,0
BOLÍVAR,VALLE DEL CAUCA,0,0,0
BUGA,VALLE DEL CAUCA,0,0,0
BUGALAGRANDE,VALLE DEL CAUCA,0,0,0
CAICEDONIA,VALLE DEL CAUCA,0,0,0
CALIMA,VALLE DEL CAUCA,0,0,0
CALI,VALLE DEL CAUCA,0,0,0
EL ÁGUILA,VALLE DEL CAUCA,0,0,0
EL CAIRO,VALLE DEL CAUCA,0,0,0
EL CERRITO,VALLE DEL CAUCA,0,0,0
EL DOVIO,VALLE DEL CAUCA,0,0,0
FLORIDA,VALLE DEL CAUCA,0,0,0
GINEBRA,VALLE DEL CAUCA,0,0,0
GUACARÍ,VALLE DEL CAUCA,0,0,0
JAMUNDÍ,VALLE DEL CAUCA,0,0,0
LA CUMBRE,VALLE DEL CAUCA,0,0,0
LA UNIÓN,VALLE DEL CAUCA,0,0,0
LA VICTORIA,VALLE DEL CAUCA,0,0,0
OBANDO,VALLE DEL CAUCA,0,0,0
PALMIRA,VALLE DEL CAUCA,0,0,0
PRADERA,VALLE DEL CAUCA,0,0,0
RESTREPO,VALLE DEL CAUCA,0,0,0
RIOFRÍO,VALLE DEL CAUCA,0,0,0
ROLDANILLO,VALLE DEL CAUCA,0,0,0
SAN PEDRO,VALLE DEL CAUCA,0,0,0
SEVILLA,VALLE DEL CAUCA,0,0,0
TORO,VALLE DEL CAUCA,0,0,0
TRUJILLO,VALLE DEL CAUCA,0,0,0
TULUÁ,VALLE DEL CAUCA,0,0,0
ULLOA,VALLE DEL CAUCA,0,0,0
VERSALLES,VALLE DEL CAUCA,0,0,0
VIJES,VALLE DEL CAUCA,0,0,0
YOTOCO,VALLE DEL CAUCA,0,0,0
YUMBO,VALLE DEL CAUCA,0,0,0
ZARZAL,VALLE DEL CAUCA,0,0,0
CRAVO NORTE,ARAUCA,0,0,0
FORTUL,ARAUCA,0,0,0
TAME,ARAUCA,0,0,0
CHAMEZA,CASANARE,0,0,0
LA SALINA,CASANARE,0,0,0
MANÍ,CASANARE,0,0,0
NUNCHIA,CASANARE,0,0,0
OROCUÉ,CASANARE,0,0,0
PAZ DE ARIPORO,CASANARE,0,0,0
RECETOR,CASANARE,0,0,0
SABANALARGA,CASANARE,0,0,0
SACAMA,CASANARE,0,0,0
SAN LUIS DE PALENQUE,CASANARE,0,0,0
TAMARA,CASANARE,0,0,0
TAURAMENA,CASANARE,0,0,0
VILLANUEVA,CASANARE,0,0,0
COLÓN,PUTUMAYO,0,0,0
PUERTO CAICEDO,PUTUMAYO,0,0,0
SIBUNDOY,PUTUMAYO,0,0,0
SANTIAGO,PUTUMAYO,0,0,0
VALLE DEL GUAMUEZ,PUTUMAYO,0,0,0
SAN ANDRÉS,ARCHIPIÉLAGO DE SAN ANDRÉS, PROVIDENCIA Y SANTA CATALINA,0,0,0
PUERTO NARIÑO,AMAZONAS,0,0,0
LETICIA,AMAZONAS,0,0,0
TARAPACÁ,AMAZONAS,0,0,0
EL ENCANTO,AMAZONAS,0,0,0
PUERTO ARICA,AMAZONAS,0,0,0
PUERTO ALEGRÍA,AMAZONAS,0,0,0
LA PEDRERA,AMAZONAS,0,0,0
LA CHORRERA,AMAZONAS,0,0,0
SANTANDER (Araracuara),AMAZONAS,0,0,0
TARAIRA,VAUPÉS,0,0,0
MIRITÍ-PARANÁ (Campoamor),AMAZONAS,0,0,0
LA VICTORIA (Pacoa),AMAZONAS,0,0,0
SAN MIGUEL (La Dorada),PUTUMAYO,0,0,0
PUERTO ASÍS,PUTUMAYO,0,0,0
PUERTO LEGUÍZAMO,PUTUMAYO,0,0,0
POTOSÍ,NARIÑO,0,0,0
PACOA (Cor. Departamental),VAUPÉS,0,0,0
IPIALES,NARIÑO,0,0,0
ORITO,PUTUMAYO,0,0,0
ALDANA,NARIÑO,0,0,0
SOLITA,CAQUETÁ,0,0,0
GUACHUCAL,NARIÑO,0,0,0
OSPINA,NARIÑO,0,0,0
PUERTO GUZMÁN,PUTUMAYO,0,0,0
VILLAGARZÓN,PUTUMAYO,0,0,0
YAVARATÉ  (Cor. Departamental),VAUPÉS,0,0,0
CURILLO,CAQUETÁ,0,0,0
SOLANO,CAQUETÁ,0,0,0
SAN FRANCISCO,PUTUMAYO,0,0,0
PASTO,NARIÑO,0,0,0
SANDONÁ,NARIÑO,0,0,0
MALLAMA (Piedrancha),NARIÑO,0,0,0
LA FLORIDA,NARIÑO,0,0,0
MOCOA,PUTUMAYO,0,0,0
ALBÁN (San José),NARIÑO,0,0,0
EL TAMBO,NARIÑO,0,0,0
CARTAGENA DEL CHAIRÁ,CAQUETÁ,0,0,0
SAMANIEGO,NARIÑO,0,0,0
LA GUADALUPE,GUAINÍA,0,0,0
SAN PABLO,NARIÑO,0,0,0
CARURÚ,VAUPÉS,0,0,0
MITÚ,VAUPÉS,0,0,0
BARBACOAS,NARIÑO,0,0,0
POLICARPA,NARIÑO,0,0,0
MIRAFLORES,GUAVIARE,0,0,0
TUMACO,NARIÑO,0,0,0
RIONEGRO,ANTIOQUIA,0,0,0
MANAURE BALCÓN DEL CESAR,CESAR,0,0,0
INÍRIDA,GUAINÍA,0,0,0
RIO IRÓ (Santa Rita),CHOCÓ,0,0,0
EL RETORNO,GUAVIARE,0,0,0
PANÁ-PANÁ (Campo Alegre),GUAINÍA,0,0,0
SAN FELIPE,GUAINÍA,0,0,0
LLORÓ,CHOCÓ,0,0,0
PAPUNAUA(Cor. Departamental),VAUPÉS,0,0,0
HACARÍ,NORTE DE SANTANDER,0,0,0
SARDINATA,NORTE DE SANTANDER,0,0,0
BALBOA,RISARALDA,0,0,0
YOPAL,CASANARE,0,0,0
TRINIDAD,CASANARE,0,0,0
TUNJA,BOYACÁ,0,0,0
MAGÜÍ (Payán),NARIÑO,0,0,0
LEIVA,NARIÑO,0,0,0
CALAMAR,GUAVIARE,0,0,0
ROBERTO PAYÁN (San José),NARIÑO,0,0,0
FRANCISCO PIZARRO (Salahonda),NARIÑO,0,0,0
LA MACARENA,META,0,0,0
MOSQUERA,NARIÑO,0,0,0
OLAYA HERRERA (Bocas de Satinga),NARIÑO,0,0,0
SANTA BÁRBARA (Iscuandé),NARIÑO,0,0,0
LA TOLA,NARIÑO,0,0,0
HOBO,HUILA,0,0,0
EL CHARCO,NARIÑO,0,0,0
GUAPI,CAUCA,0,0,0
MORICHAL (Morichal Nuevo),GUAINÍA,0,0,0
SAN JOSÉ DEL GUAVIARE,GUAVIARE,0,0,0
TIMBIQUÍ,CAUCA,0,0,0
SAN VICENTE DEL CAGUÁN,CAQUETÁ,0,0,0
PUERTO CONCORDIA,META,0,0,0
PUERTO RICO,META,0,0,0
PUERTO COLOMBIA,GUAINÍA,0,0,0
VISTAHERMOSA,META,0,0,0
LÓPEZ,CAUCA,0,0,0
MAPIRIPANA,GUAINÍA,0,0,0
MAPIRIPÁN,META,0,0,0
PUERTO LLERAS,META,0,0,0
BARRANCO MINA,GUAINÍA,0,0,0
CACAHUAL,GUAINÍA,0,0,0
DAGUA,VALLE DEL CAUCA,0,0,0
BUENAVENTURA,VALLE DEL CAUCA,0,0,0
VILLAVICENCIO,META,0,0,0
EL LITORAL DEL SAN JUÁN (Docordó),CHOCÓ,0,0,0
IBAGUÉ,TOLIMA,0,0,0
SIPÍ,CHOCÓ,0,0,0
BOGOTÁ, D.C.,BOGOTÁ, D.C.,0,0,1
SANTA MARTA,MAGDALENA,0,0,0
RIOHACHA,LA GUAJIRA,0,0,0
URIBIA,LA GUAJIRA,0,0,0
PROVIDENCIA (Santa Isabel),ARCHIPIÉLAGO DE SAN ANDRÉS, PROVIDENCIA Y SANTA CATALINA,0,0,0
MONTERREY,CASANARE,0,0,0
PUERTO GAITÁN,META,0,0,0
BECERRILL,CESAR,0,0,0
ISTMINA,CHOCÓ,0,0,0
SINCELEJO,SUCRE,0,0,0
MEDELLÍN,ANTIOQUIA,0,0,0
EBÉJICO,ANTIOQUIA,0,0,0
COPACABANA,ANTIOQUIA,0,0,0
BELLO,ANTIOQUIA,0,0,0
GIRARDOTA,ANTIOQUIA,0,0,0
BAGADÓ,CHOCÓ,0,0,0
RIO QUITO (Paimadó),CHOCÓ,0,0,0
ATRATO (Yuto),CHOCÓ,0,0,0
LA JAGUA DE IBIRICO,CESAR,0,0,0
PORE,CASANARE,0,0,0
SABANETA,ANTIOQUIA,0,0,0
LA ESTRELLA,ANTIOQUIA,0,0,0
ENVIGADO,ANTIOQUIA,0,0,0
ITAGÜÍ,ANTIOQUIA,0,0,0
MEDIO ATRATO (Beté),CHOCÓ,0,0,0
LA PRIMAVERA,VICHADA,0,0,0
JARDÍN,ANTIOQUIA,0,0,0
NÓVITA,CHOCÓ,0,0,0
MEDIO SAN JUAN (Andagoya),CHOCÓ,0,0,0
SAN JOSÉ DEL PALMAR,CHOCÓ,0,0,0
CONDOTO,CHOCÓ,0,0,0
AGUAZUL,CASANARE,0,0,0
VILLA DEL ROSARIO,NORTE DE SANTANDER,0,0,0
MEDIO BAUDÓ(Boca de Pepé),CHOCÓ,0,0,0
UNIÓN PANAMERICANA ( Animas),CHOCÓ,0,0,0
TADÓ,CHOCÓ,0,0,0
CÉRTEGUI,CHOCÓ,0,0,0
EL CANTÓN DEL SAN PABLO (Managrú),CHOCÓ,0,0,0
CUMARIBO,VICHADA,0,0,0
RIOSUCIO,CALDAS,0,0,0
BAJO BAUDÓ (Pizarro),CHOCÓ,0,0,0
MISTRATÓ,RISARALDA,0,0,0
NUQUÍ,CHOCÓ,0,0,0
EL CARMEN,CHOCÓ,0,0,0
ALTO BAUDÓ (Pie de Pato),CHOCÓ,0,0,0
LA CEJA,ANTIOQUIA,0,0,0
CALDAS,ANTIOQUIA,0,0,0
PUERTO CARREÑO,VICHADA,0,0,0
QUIBDÓ,CHOCÓ,0,0,0
SAN JERÓNIMO,ANTIOQUIA,0,0,0
BARBOSA,ANTIOQUIA,0,0,0
SANTO DOMINGO,ANTIOQUIA,0,0,0
URRAO,ANTIOQUIA,0,0,0
PUERTO RONDÓN,ARAUCA,0,0,0
SANTA FE DE ANTIOQUIA,ANTIOQUIA,0,0,0
BELMIRA,ANTIOQUIA,0,0,0
LIBORINA,ANTIOQUIA,0,0,0
BAHÍA SOLANO (Mutis),CHOCÓ,0,0,0
VIGIA DEL FUERTE,ANTIOQUIA,0,0,0
GÓMEZ PLATA,ANTIOQUIA,0,0,0
BOJAYÁ (Bellavista),CHOCÓ,0,0,0
SANTA ROSA DE OSOS,ANTIOQUIA,0,0,0
GUADALUPE,ANTIOQUIA,0,0,0
CAÑASGORDAS,ANTIOQUIA,0,0,0
MURINDÓ,ANTIOQUIA,0,0,0
ARAUQUITA,ARAUCA,0,0,0
SARAVENA,ARAUCA,0,0,0
TOLEDO,ANTIOQUIA,0,0,0
ARAUCA,ARAUCA,0,0,0
DABEIBA,ANTIOQUIA,0,0,0
GIRÓN,SANTANDER,0,0,0
BUCARAMANGA,SANTANDER,0,0,0
AMALFI,ANTIOQUIA,0,0,0
YONDÓ (Casabe),ANTIOQUIA,0,0,0
CARMEN DEL DARIÉN  (Curbaradó),CHOCÓ,0,0,0
LABATECA,NORTE DE SANTANDER,0,0,0
PAMPLONA,NORTE DE SANTANDER,0,0,0
TOLEDO,NORTE DE SANTANDER,0,0,0
JURADÓ,CHOCÓ,0,0,0
MUTATÁ,ANTIOQUIA,0,0,0
BOCHALEMA,NORTE DE SANTANDER,0,0,0
DURANIA,NORTE DE SANTANDER,0,0,0
CÁCHIRA,NORTE DE SANTANDER,0,0,0
LOS PATIOS,NORTE DE SANTANDER,0,0,0
CAREPA,ANTIOQUIA,0,0,0
RIOSUCIO,CHOCÓ,0,0,0
GRAMALOTE,NORTE DE SANTANDER,0,0,0
PUERTO LIBERTADOR,CÓRDOBA,0,0,0
APARTADÓ,ANTIOQUIA,0,0,0
CAUCASIA,ANTIOQUIA,0,0,0
BUCARASICA,NORTE DE SANTANDER,0,0,0
EL ZULIA,NORTE DE SANTANDER,0,0,0
TIERRALTA,CÓRDOBA,0,0,0
UNGUÍA,CHOCÓ,0,0,0
OCAÑA,NORTE DE SANTANDER,0,0,0
TURBO,ANTIOQUIA,0,0,0
ACANDÍ,CHOCÓ,0,0,0
NECOCLÍ,ANTIOQUIA,0,0,0
ARBOLETES,ANTIOQUIA,0,0,0
CARTAGENA DE INDIAS,BOLÍVAR,0,0,0
PUEBLO BELLO,CESAR,0,0,0
VALLEDUPAR,CESAR,0,0,0
ARACATACA,MAGDALENA,0,0,0
SANTA ROSALÍA,VICHADA,0,0,0
CÚCUTA,NORTE DE SANTANDER,0,0,0
DOSQUEBRADAS,RISARALDA,0,0,0
NOBSA,BOYACÁ,0,0,0
TIBASOSA,BOYACÁ,0,0,0
CANDELARIA,VALLE DEL CAUCA,0,0,0
CARTAGO,VALLE DEL CAUCA,0,0,0
HATO COROZAL,CASANARE,0,0,0
SAN FERNANDO,BOLÍVAR,0,0,0
